date_time,traffic_volume,weather_main,temp,clouds_all,weekday,hour,month,year
2018-08-28 14:00:00,5273,Rain,290.49,90,Tuesday,14,8,2018
2018-08-28 15:00:00,5865,Rain,290.71,90,Tuesday,15,8,2018
2018-08-28 16:00:00,6657,Rain,290.88,90,Tuesday,16,8,2018
2018-08-28 17:00:00,5716,Rain,291.01,75,Tuesday,17,8,2018
2018-08-28 18:00:00,4363,Rain,291.04,90,Tuesday,18,8,2018
2018-08-28 19:00:00,3406,Rain,290.68,90,Tuesday,19,8,2018
2018-08-28 19:00:00,3406,Drizzle,290.68,90,Tuesday,19,8,2018
2018-08-28 20:00:00,2896,Rain,290.17,90,Tuesday,20,8,2018
2018-08-28 21:00:00,2576,Rain,289.54,90,Tuesday,21,8,2018
2018-08-28 22:00:00,1733,Rain,288.8,90,Tuesday,22,8,2018
2018-08-28 23:00:00,1153,Rain,288.19,75,Tuesday,23,8,2018
2018-08-29 00:00:00,623,Rain,287.41,1,Wednesday,0,8,2018
2018-08-29 01:00:00,335,Rain,286.54,1,Wednesday,1,8,2018
2018-08-29 02:00:00,299,Rain,285.62,1,Wednesday,2,8,2018
2018-08-29 03:00:00,372,Rain,285.31,90,Wednesday,3,8,2018
2018-08-29 03:00:00,372,Mist,285.31,90,Wednesday,3,8,2018
2018-08-29 04:00:00,981,Rain,284.78,40,Wednesday,4,8,2018
2018-08-29 05:00:00,3103,Rain,284.77,90,Wednesday,5,8,2018
2018-08-29 06:00:00,5902,Rain,284.24,1,Wednesday,6,8,2018
2018-08-29 06:00:00,5902,Mist,284.24,1,Wednesday,6,8,2018
2018-08-29 07:00:00,6775,Rain,283.87,40,Wednesday,7,8,2018
2018-08-29 07:00:00,6775,Mist,283.87,40,Wednesday,7,8,2018
2018-08-29 08:00:00,6164,Rain,284.8,90,Wednesday,8,8,2018
2018-08-29 08:00:00,6164,Mist,284.8,90,Wednesday,8,8,2018
2018-08-29 09:00:00,5421,Rain,286.01,40,Wednesday,9,8,2018
2018-08-29 10:00:00,4871,Rain,287.97,75,Wednesday,10,8,2018
2018-08-29 11:00:00,4969,Clouds,289.47,75,Wednesday,11,8,2018
2018-08-29 12:00:00,5134,Rain,290.43,75,Wednesday,12,8,2018
2018-08-29 13:00:00,4999,Rain,291.07,75,Wednesday,13,8,2018
2018-08-29 14:00:00,5349,Rain,292.11,75,Wednesday,14,8,2018
2018-08-29 15:00:00,5814,Rain,292.91,75,Wednesday,15,8,2018
2018-08-29 16:00:00,6578,Clouds,293.91,75,Wednesday,16,8,2018
2018-08-29 17:00:00,5860,Rain,293.87,75,Wednesday,17,8,2018
2018-08-29 18:00:00,4554,Rain,294.04,40,Wednesday,18,8,2018
2018-08-29 19:00:00,3487,Rain,293.54,75,Wednesday,19,8,2018
2018-08-29 20:00:00,3205,Rain,291.91,1,Wednesday,20,8,2018
2018-08-29 21:00:00,2800,Rain,289.09,20,Wednesday,21,8,2018
2018-08-29 22:00:00,2106,Rain,287.59,1,Wednesday,22,8,2018
2018-08-29 23:00:00,1272,Rain,286.59,1,Wednesday,23,8,2018
2018-08-30 00:00:00,670,Rain,286.24,1,Thursday,0,8,2018
2018-08-30 01:00:00,456,Rain,285.53,1,Thursday,1,8,2018
2018-08-30 02:00:00,326,Rain,285.35,1,Thursday,2,8,2018
2018-08-30 03:00:00,388,Rain,285.33,1,Thursday,3,8,2018
2018-08-30 03:00:00,388,Mist,285.33,1,Thursday,3,8,2018
2018-08-30 04:00:00,1008,Rain,285.49,1,Thursday,4,8,2018
2018-08-30 04:00:00,1008,Mist,285.49,1,Thursday,4,8,2018
2018-08-30 05:00:00,3070,Rain,285.41,1,Thursday,5,8,2018
2018-08-30 06:00:00,5886,Rain,285.24,40,Thursday,6,8,2018
2018-08-30 07:00:00,6466,Rain,285.24,1,Thursday,7,8,2018
2018-08-30 07:00:00,6466,Mist,285.24,1,Thursday,7,8,2018
2018-08-30 08:00:00,5995,Rain,286.1,1,Thursday,8,8,2018
2018-08-30 09:00:00,5467,Rain,288.43,20,Thursday,9,8,2018
2018-08-30 10:00:00,4911,Rain,290.56,1,Thursday,10,8,2018
2018-08-30 11:00:00,5095,Rain,292.81,5,Thursday,11,8,2018
2018-08-30 12:00:00,5308,Rain,294.11,5,Thursday,12,8,2018
2018-08-30 13:00:00,5213,Rain,294.92,1,Thursday,13,8,2018
2018-08-30 14:00:00,5680,Rain,295.86,1,Thursday,14,8,2018
2018-08-30 15:00:00,6238,Rain,296.67,40,Thursday,15,8,2018
2018-08-30 16:00:00,6453,Rain,297.28,20,Thursday,16,8,2018
2018-08-30 17:00:00,5775,Rain,297.43,1,Thursday,17,8,2018
2018-08-30 18:00:00,4531,Rain,297.24,1,Thursday,18,8,2018
2018-08-30 19:00:00,3884,Rain,296.38,90,Thursday,19,8,2018
2018-08-30 20:00:00,3332,Rain,295.72,90,Thursday,20,8,2018
2018-08-30 21:00:00,3049,Rain,295.37,90,Thursday,21,8,2018
2018-08-30 22:00:00,2221,Rain,295.14,90,Thursday,22,8,2018
2018-08-30 23:00:00,1396,Rain,294.93,75,Thursday,23,8,2018
2018-08-31 00:00:00,764,Rain,294.76,75,Friday,0,8,2018
2018-08-31 01:00:00,456,Rain,294.61,75,Friday,1,8,2018
2018-08-31 02:00:00,358,Rain,294.54,90,Friday,2,8,2018
2018-08-31 02:00:00,358,Thunderstorm,294.54,90,Friday,2,8,2018
2018-08-31 03:00:00,378,Rain,294.04,90,Friday,3,8,2018
2018-08-31 03:00:00,378,Thunderstorm,294.04,90,Friday,3,8,2018
2018-08-31 03:00:00,378,Mist,294.04,90,Friday,3,8,2018
2018-08-31 04:00:00,851,Rain,293.37,90,Friday,4,8,2018
2018-08-31 04:00:00,851,Thunderstorm,293.37,90,Friday,4,8,2018
2018-08-31 04:00:00,851,Drizzle,293.37,90,Friday,4,8,2018
2018-08-31 05:00:00,2754,Rain,293.51,40,Friday,5,8,2018
2018-08-31 05:00:00,2754,Thunderstorm,293.51,40,Friday,5,8,2018
2018-08-31 06:00:00,5200,Rain,294.04,75,Friday,6,8,2018
2018-08-31 07:00:00,6270,Rain,293.83,40,Friday,7,8,2018
2018-08-31 08:00:00,5687,Rain,294.0,75,Friday,8,8,2018
2018-08-31 08:00:00,5687,Thunderstorm,294.0,75,Friday,8,8,2018
2018-08-31 09:00:00,5328,Rain,294.47,40,Friday,9,8,2018
2018-08-31 10:00:00,5102,Rain,295.68,1,Friday,10,8,2018
2018-08-31 11:00:00,5359,Rain,296.86,90,Friday,11,8,2018
2018-08-31 12:00:00,5587,Clouds,296.68,90,Friday,12,8,2018
2018-08-31 13:00:00,5400,Rain,297.12,75,Friday,13,8,2018
2018-08-31 13:00:00,5400,Mist,297.12,75,Friday,13,8,2018
2018-08-31 14:00:00,5705,Rain,299.25,75,Friday,14,8,2018
2018-08-31 15:00:00,5998,Rain,300.27,75,Friday,15,8,2018
2018-08-31 16:00:00,5925,Rain,301.16,75,Friday,16,8,2018
2018-08-31 17:00:00,5418,Rain,300.79,1,Friday,17,8,2018
2018-08-31 18:00:00,4935,Rain,300.4,75,Friday,18,8,2018
2018-08-31 19:00:00,3945,Rain,299.47,75,Friday,19,8,2018
2018-08-31 19:00:00,3945,Thunderstorm,299.47,75,Friday,19,8,2018
2018-08-31 20:00:00,3233,Rain,298.46,1,Friday,20,8,2018
2018-08-31 21:00:00,2910,Rain,297.44,75,Friday,21,8,2018
2018-08-31 22:00:00,2830,Rain,296.95,1,Friday,22,8,2018
2018-08-31 23:00:00,2147,Rain,296.68,40,Friday,23,8,2018
2018-09-01 00:00:00,1335,Rain,296.27,1,Saturday,0,9,2018
2018-09-01 01:00:00,785,Rain,295.45,1,Saturday,1,9,2018
2018-09-01 02:00:00,569,Rain,295.16,75,Saturday,2,9,2018
2018-09-01 03:00:00,425,Rain,295.14,40,Saturday,3,9,2018
2018-09-01 04:00:00,419,Rain,294.92,40,Saturday,4,9,2018
2018-09-01 05:00:00,741,Rain,294.7,90,Saturday,5,9,2018
2018-09-01 06:00:00,1529,Rain,294.61,90,Saturday,6,9,2018
2018-09-01 07:00:00,2477,Rain,294.53,40,Saturday,7,9,2018
2018-09-01 07:00:00,2477,Mist,294.53,40,Saturday,7,9,2018
2018-09-01 08:00:00,3476,Rain,294.53,75,Saturday,8,9,2018
2018-09-01 08:00:00,3476,Mist,294.53,75,Saturday,8,9,2018
2018-09-01 09:00:00,4212,Mist,295.05,90,Saturday,9,9,2018
2018-09-01 10:00:00,4578,Rain,295.91,90,Saturday,10,9,2018
2018-09-01 10:00:00,4578,Mist,295.91,90,Saturday,10,9,2018
2018-09-01 11:00:00,4897,Rain,297.06,90,Saturday,11,9,2018
2018-09-01 12:00:00,4854,Rain,298.43,20,Saturday,12,9,2018
2018-09-01 13:00:00,4972,Rain,299.52,40,Saturday,13,9,2018
2018-09-01 14:00:00,5056,Rain,300.51,40,Saturday,14,9,2018
2018-09-01 14:00:00,5056,Haze,300.51,40,Saturday,14,9,2018
2018-09-01 15:00:00,4719,Rain,301.47,40,Saturday,15,9,2018
2018-09-01 16:00:00,4649,Rain,301.98,1,Saturday,16,9,2018
2018-09-01 17:00:00,4622,Rain,302.49,1,Saturday,17,9,2018
2018-09-01 18:00:00,4261,Rain,301.97,1,Saturday,18,9,2018
2018-09-01 19:00:00,3518,Rain,301.36,1,Saturday,19,9,2018
2018-09-01 20:00:00,3196,Rain,299.12,1,Saturday,20,9,2018
2018-09-01 21:00:00,2880,Rain,296.39,40,Saturday,21,9,2018
2018-09-01 22:00:00,2815,Rain,295.58,5,Saturday,22,9,2018
2018-09-01 23:00:00,1945,Rain,295.01,1,Saturday,23,9,2018
2018-09-01 23:00:00,1945,Mist,295.01,1,Saturday,23,9,2018
2018-09-02 00:00:00,1273,Rain,294.74,1,Sunday,0,9,2018
2018-09-02 01:00:00,801,Rain,294.49,1,Sunday,1,9,2018
2018-09-02 01:00:00,801,Mist,294.49,1,Sunday,1,9,2018
2018-09-02 02:00:00,565,Rain,294.5,40,Sunday,2,9,2018
2018-09-02 03:00:00,386,Rain,294.59,1,Sunday,3,9,2018
2018-09-02 04:00:00,316,Rain,294.57,1,Sunday,4,9,2018
2018-09-02 04:00:00,316,Mist,294.57,1,Sunday,4,9,2018
2018-09-02 05:00:00,532,Rain,295.19,40,Sunday,5,9,2018
2018-09-02 05:00:00,532,Mist,295.19,40,Sunday,5,9,2018
2018-09-02 06:00:00,1003,Rain,295.1,40,Sunday,6,9,2018
2018-09-02 06:00:00,1003,Mist,295.1,40,Sunday,6,9,2018
2018-09-02 07:00:00,1607,Rain,294.69,40,Sunday,7,9,2018
2018-09-02 08:00:00,2334,Rain,294.41,90,Sunday,8,9,2018
2018-09-02 09:00:00,2929,Rain,294.37,90,Sunday,9,9,2018
2018-09-02 10:00:00,3571,Rain,293.77,90,Sunday,10,9,2018
2018-09-02 10:00:00,3571,Mist,293.77,90,Sunday,10,9,2018
2018-09-02 11:00:00,4040,Rain,294.25,90,Sunday,11,9,2018
2018-09-02 11:00:00,4040,Mist,294.25,90,Sunday,11,9,2018
2018-09-02 12:00:00,4549,Rain,294.83,75,Sunday,12,9,2018
2018-09-02 13:00:00,4414,Rain,295.53,1,Sunday,13,9,2018
2018-09-02 14:00:00,4299,Rain,297.33,75,Sunday,14,9,2018
2018-09-02 15:00:00,4330,Rain,298.66,75,Sunday,15,9,2018
2018-09-02 16:00:00,4197,Rain,299.44,1,Sunday,16,9,2018
2018-09-02 17:00:00,3833,Rain,300.0,40,Sunday,17,9,2018
2018-09-02 18:00:00,3601,Rain,299.59,75,Sunday,18,9,2018
2018-09-02 19:00:00,3098,Rain,298.92,1,Sunday,19,9,2018
2018-09-02 20:00:00,3115,Rain,297.17,75,Sunday,20,9,2018
2018-09-02 21:00:00,2669,Rain,295.46,1,Sunday,21,9,2018
2018-09-02 22:00:00,2066,Rain,293.85,20,Sunday,22,9,2018
2018-09-02 22:00:00,2066,Fog,293.85,20,Sunday,22,9,2018
2018-09-02 23:00:00,1475,Rain,292.83,1,Sunday,23,9,2018
2018-09-02 23:00:00,1475,Mist,292.83,1,Sunday,23,9,2018
2018-09-03 00:00:00,962,Rain,292.43,1,Monday,0,9,2018
2018-09-03 00:00:00,962,Mist,292.43,1,Monday,0,9,2018
2018-09-03 01:00:00,694,Rain,291.65,1,Monday,1,9,2018
2018-09-03 01:00:00,694,Haze,291.65,1,Monday,1,9,2018
2018-09-03 01:00:00,694,Mist,291.65,1,Monday,1,9,2018
2018-09-03 02:00:00,421,Rain,291.74,40,Monday,2,9,2018
2018-09-03 02:00:00,421,Fog,291.74,40,Monday,2,9,2018
2018-09-03 03:00:00,310,Rain,291.63,40,Monday,3,9,2018
2018-09-03 04:00:00,325,Rain,291.59,75,Monday,4,9,2018
2018-09-03 04:00:00,325,Mist,291.59,75,Monday,4,9,2018
2018-09-03 05:00:00,590,Rain,291.48,1,Monday,5,9,2018
2018-09-03 05:00:00,590,Haze,291.48,1,Monday,5,9,2018
2018-09-03 05:00:00,590,Fog,291.48,1,Monday,5,9,2018
2018-09-03 05:00:00,590,Mist,291.48,1,Monday,5,9,2018
2018-09-03 06:00:00,1141,Rain,291.76,1,Monday,6,9,2018
2018-09-03 06:00:00,1141,Haze,291.76,1,Monday,6,9,2018
2018-09-03 07:00:00,1556,Rain,291.61,75,Monday,7,9,2018
2018-09-03 07:00:00,1556,Mist,291.61,75,Monday,7,9,2018
2018-09-03 08:00:00,1995,Rain,291.81,75,Monday,8,9,2018
2018-09-03 08:00:00,1995,Mist,291.81,75,Monday,8,9,2018
2018-09-03 09:00:00,2524,Rain,292.51,90,Monday,9,9,2018
2018-09-03 10:00:00,3050,Rain,293.68,90,Monday,10,9,2018
2018-09-03 10:00:00,3050,Mist,293.68,90,Monday,10,9,2018
2018-09-03 11:00:00,3616,Rain,294.77,90,Monday,11,9,2018
2018-09-03 11:00:00,3616,Mist,294.77,90,Monday,11,9,2018
2018-09-03 12:00:00,3901,Rain,295.76,90,Monday,12,9,2018
2018-09-03 13:00:00,4110,Rain,296.76,90,Monday,13,9,2018
2018-09-03 14:00:00,4446,Rain,296.59,90,Monday,14,9,2018
2018-09-03 15:00:00,4411,Rain,296.65,90,Monday,15,9,2018
2018-09-03 16:00:00,4017,Rain,296.76,90,Monday,16,9,2018
2018-09-03 16:00:00,4017,Drizzle,296.76,90,Monday,16,9,2018
2018-09-03 17:00:00,3900,Rain,296.6,90,Monday,17,9,2018
2018-09-03 18:00:00,3487,Rain,296.24,90,Monday,18,9,2018
2018-09-03 19:00:00,3006,Rain,295.27,90,Monday,19,9,2018
2018-09-03 19:00:00,3006,Mist,295.27,90,Monday,19,9,2018
2018-09-03 19:00:00,3006,Drizzle,295.27,90,Monday,19,9,2018
2018-09-03 20:00:00,2627,Rain,294.82,90,Monday,20,9,2018
2018-09-03 20:00:00,2627,Drizzle,294.82,90,Monday,20,9,2018
2018-09-03 21:00:00,2081,Rain,294.8,90,Monday,21,9,2018
2018-09-03 22:00:00,1588,Rain,294.49,90,Monday,22,9,2018
2018-09-03 22:00:00,1588,Mist,294.49,90,Monday,22,9,2018
2018-09-03 23:00:00,1012,Rain,294.46,90,Monday,23,9,2018
2018-09-03 23:00:00,1012,Drizzle,294.46,90,Monday,23,9,2018
2018-09-04 00:00:00,528,Rain,294.32,90,Tuesday,0,9,2018
2018-09-04 01:00:00,321,Rain,294.31,90,Tuesday,1,9,2018
2018-09-04 01:00:00,321,Mist,294.31,90,Tuesday,1,9,2018
2018-09-04 01:00:00,321,Drizzle,294.31,90,Tuesday,1,9,2018
2018-09-04 02:00:00,254,Rain,294.27,90,Tuesday,2,9,2018
2018-09-04 02:00:00,254,Mist,294.27,90,Tuesday,2,9,2018
2018-09-04 03:00:00,332,Rain,294.33,90,Tuesday,3,9,2018
2018-09-04 04:00:00,901,Rain,294.33,90,Tuesday,4,9,2018
2018-09-04 05:00:00,2863,Rain,294.28,90,Tuesday,5,9,2018
2018-09-04 05:00:00,2863,Mist,294.28,90,Tuesday,5,9,2018
2018-09-04 05:00:00,2863,Haze,294.28,90,Tuesday,5,9,2018
2018-09-04 05:00:00,2863,Drizzle,294.28,90,Tuesday,5,9,2018
2018-09-04 06:00:00,5280,Rain,294.24,75,Tuesday,6,9,2018
2018-09-04 06:00:00,5280,Drizzle,294.24,75,Tuesday,6,9,2018
2018-09-04 06:00:00,5280,Mist,294.24,75,Tuesday,6,9,2018
2018-09-04 07:00:00,6379,Rain,294.02,1,Tuesday,7,9,2018
2018-09-04 07:00:00,6379,Drizzle,294.02,1,Tuesday,7,9,2018
2018-09-04 08:00:00,5856,Rain,294.1,90,Tuesday,8,9,2018
2018-09-04 08:00:00,5856,Mist,294.1,90,Tuesday,8,9,2018
2018-09-04 08:00:00,5856,Thunderstorm,294.1,90,Tuesday,8,9,2018
2018-09-04 09:00:00,5242,Rain,294.43,90,Tuesday,9,9,2018
2018-09-04 09:00:00,5242,Drizzle,294.43,90,Tuesday,9,9,2018
2018-09-04 09:00:00,5242,Mist,294.43,90,Tuesday,9,9,2018
2018-09-04 09:00:00,5242,Thunderstorm,294.43,90,Tuesday,9,9,2018
2018-09-04 10:00:00,4403,Rain,294.78,90,Tuesday,10,9,2018
2018-09-04 10:00:00,4403,Mist,294.78,90,Tuesday,10,9,2018
2018-09-04 10:00:00,4403,Thunderstorm,294.78,90,Tuesday,10,9,2018
2018-09-04 10:00:00,4403,Drizzle,294.78,90,Tuesday,10,9,2018
2018-09-04 11:00:00,4477,Rain,295.28,90,Tuesday,11,9,2018
2018-09-04 11:00:00,4477,Mist,295.28,90,Tuesday,11,9,2018
2018-09-04 12:00:00,4583,Rain,295.91,40,Tuesday,12,9,2018
2018-09-04 12:00:00,4583,Thunderstorm,295.91,40,Tuesday,12,9,2018
2018-09-04 13:00:00,4652,Rain,296.41,90,Tuesday,13,9,2018
2018-09-04 13:00:00,4652,Mist,296.41,90,Tuesday,13,9,2018
2018-09-04 14:00:00,4785,Rain,296.16,90,Tuesday,14,9,2018
2018-09-04 14:00:00,4785,Mist,296.16,90,Tuesday,14,9,2018
2018-09-04 15:00:00,5436,Rain,295.82,90,Tuesday,15,9,2018
2018-09-04 15:00:00,5436,Mist,295.82,90,Tuesday,15,9,2018
2018-09-04 16:00:00,5667,Rain,295.6,90,Tuesday,16,9,2018
2018-09-04 16:00:00,5667,Mist,295.6,90,Tuesday,16,9,2018
2018-09-04 17:00:00,5494,Rain,295.01,90,Tuesday,17,9,2018
2018-09-04 17:00:00,5494,Mist,295.01,90,Tuesday,17,9,2018
2018-09-04 17:00:00,5494,Drizzle,295.01,90,Tuesday,17,9,2018
2018-09-04 18:00:00,4383,Rain,294.12,75,Tuesday,18,9,2018
2018-09-04 18:00:00,4383,Mist,294.12,75,Tuesday,18,9,2018
2018-09-04 18:00:00,4383,Thunderstorm,294.12,75,Tuesday,18,9,2018
2018-09-04 18:00:00,4383,Drizzle,294.12,75,Tuesday,18,9,2018
2018-09-04 19:00:00,3017,Rain,293.79,90,Tuesday,19,9,2018
2018-09-04 19:00:00,3017,Mist,293.79,90,Tuesday,19,9,2018
2018-09-04 19:00:00,3017,Drizzle,293.79,90,Tuesday,19,9,2018
2018-09-04 20:00:00,2385,Rain,293.66,90,Tuesday,20,9,2018
2018-09-04 20:00:00,2385,Mist,293.66,90,Tuesday,20,9,2018
2018-09-04 20:00:00,2385,Drizzle,293.66,90,Tuesday,20,9,2018
2018-09-04 21:00:00,2105,Rain,293.64,90,Tuesday,21,9,2018
2018-09-04 21:00:00,2105,Mist,293.64,90,Tuesday,21,9,2018
2018-09-04 21:00:00,2105,Drizzle,293.64,90,Tuesday,21,9,2018
2018-09-04 22:00:00,1351,Rain,293.62,90,Tuesday,22,9,2018
2018-09-04 22:00:00,1351,Mist,293.62,90,Tuesday,22,9,2018
2018-09-04 22:00:00,1351,Drizzle,293.62,90,Tuesday,22,9,2018
2018-09-04 23:00:00,921,Rain,292.87,90,Tuesday,23,9,2018
2018-09-04 23:00:00,921,Drizzle,292.87,90,Tuesday,23,9,2018
2018-09-05 00:00:00,522,Rain,292.62,75,Wednesday,0,9,2018
2018-09-05 00:00:00,522,Drizzle,292.62,75,Wednesday,0,9,2018
2018-09-05 01:00:00,304,Rain,292.44,90,Wednesday,1,9,2018
2018-09-05 01:00:00,304,Drizzle,292.44,90,Wednesday,1,9,2018
2018-09-05 02:00:00,254,Rain,292.27,1,Wednesday,2,9,2018
2018-09-05 03:00:00,323,Rain,292.18,40,Wednesday,3,9,2018
2018-09-05 03:00:00,323,Drizzle,292.18,40,Wednesday,3,9,2018
2018-09-05 04:00:00,882,Rain,292.18,90,Wednesday,4,9,2018
2018-09-05 04:00:00,882,Drizzle,292.18,90,Wednesday,4,9,2018
2018-09-05 05:00:00,3013,Rain,291.95,75,Wednesday,5,9,2018
2018-09-05 05:00:00,3013,Drizzle,291.95,75,Wednesday,5,9,2018
2018-09-05 06:00:00,5633,Rain,291.79,75,Wednesday,6,9,2018
2018-09-05 06:00:00,5633,Drizzle,291.79,75,Wednesday,6,9,2018
2018-09-05 06:00:00,5633,Mist,291.79,75,Wednesday,6,9,2018
2018-09-05 07:00:00,6668,Rain,291.56,90,Wednesday,7,9,2018
2018-09-05 07:00:00,6668,Drizzle,291.56,90,Wednesday,7,9,2018
2018-09-05 08:00:00,6327,Clouds,291.21,90,Wednesday,8,9,2018
2018-09-05 09:00:00,5237,Clouds,290.29,90,Wednesday,9,9,2018
2018-09-05 10:00:00,4599,Clouds,290.31,90,Wednesday,10,9,2018
2018-09-05 11:00:00,4635,Clouds,290.52,90,Wednesday,11,9,2018
2018-09-05 12:00:00,5001,Clouds,291.13,75,Wednesday,12,9,2018
2018-09-05 13:00:00,4781,Clear,291.96,1,Wednesday,13,9,2018
2018-09-05 14:00:00,4816,Clear,292.96,1,Wednesday,14,9,2018
2018-09-05 15:00:00,5661,Clouds,294.04,75,Wednesday,15,9,2018
2018-09-05 16:00:00,6555,Clouds,294.6,75,Wednesday,16,9,2018
2018-09-05 17:00:00,5938,Clear,294.79,1,Wednesday,17,9,2018
2018-09-05 18:00:00,4426,Clear,294.67,1,Wednesday,18,9,2018
2018-09-05 19:00:00,3414,Rain,294.0,1,Wednesday,19,9,2018
2018-09-05 20:00:00,3130,Rain,291.96,1,Wednesday,20,9,2018
2018-09-05 21:00:00,2532,Rain,289.44,40,Wednesday,21,9,2018
2018-09-05 22:00:00,1629,Rain,287.97,5,Wednesday,22,9,2018
2018-09-05 23:00:00,993,Rain,286.25,1,Wednesday,23,9,2018
2018-09-06 00:00:00,570,Rain,286.08,1,Thursday,0,9,2018
2018-09-06 00:00:00,570,Mist,286.08,1,Thursday,0,9,2018
2018-09-06 01:00:00,350,Rain,285.38,1,Thursday,1,9,2018
2018-09-06 01:00:00,350,Mist,285.38,1,Thursday,1,9,2018
2018-09-06 02:00:00,281,Rain,285.14,1,Thursday,2,9,2018
2018-09-06 02:00:00,281,Mist,285.14,1,Thursday,2,9,2018
2018-09-06 03:00:00,337,Rain,285.03,1,Thursday,3,9,2018
2018-09-06 03:00:00,337,Mist,285.03,1,Thursday,3,9,2018
2018-09-06 04:00:00,909,Rain,284.29,1,Thursday,4,9,2018
2018-09-06 04:00:00,909,Fog,284.29,1,Thursday,4,9,2018
2018-09-06 05:00:00,3036,Rain,283.88,1,Thursday,5,9,2018
2018-09-06 05:00:00,3036,Mist,283.88,1,Thursday,5,9,2018
2018-09-06 06:00:00,5868,Rain,282.84,1,Thursday,6,9,2018
2018-09-06 07:00:00,6526,Rain,282.24,20,Thursday,7,9,2018
2018-09-06 07:00:00,6526,Mist,282.24,20,Thursday,7,9,2018
2018-09-06 08:00:00,5996,Rain,284.23,1,Thursday,8,9,2018
2018-09-06 09:00:00,5328,Rain,285.67,5,Thursday,9,9,2018
2018-09-06 10:00:00,4579,Rain,288.74,1,Thursday,10,9,2018
2018-09-06 11:00:00,4727,Clear,290.85,1,Thursday,11,9,2018
2018-09-06 12:00:00,4765,Rain,292.04,1,Thursday,12,9,2018
2018-09-06 13:00:00,4853,Clear,293.13,1,Thursday,13,9,2018
2018-09-06 14:00:00,4947,Clouds,293.97,40,Thursday,14,9,2018
2018-09-06 15:00:00,5786,Clear,294.9,1,Thursday,15,9,2018
2018-09-06 16:00:00,6396,Clouds,295.5,40,Thursday,16,9,2018
2018-09-06 17:00:00,6008,Clouds,295.58,75,Thursday,17,9,2018
2018-09-06 18:00:00,4373,Clouds,295.37,75,Thursday,18,9,2018
2018-09-06 19:00:00,3382,Clouds,294.17,75,Thursday,19,9,2018
2018-09-06 20:00:00,3223,Clear,291.43,1,Thursday,20,9,2018
2018-09-06 21:00:00,2712,Clouds,288.96,40,Thursday,21,9,2018
2018-09-06 22:00:00,2096,Clear,286.85,1,Thursday,22,9,2018
2018-09-06 23:00:00,1248,Clear,286.01,1,Thursday,23,9,2018
2018-09-07 00:00:00,550,Clear,285.49,1,Friday,0,9,2018
2018-09-07 01:00:00,417,Clear,285.09,1,Friday,1,9,2018
2018-09-07 02:00:00,307,Clear,284.91,1,Friday,2,9,2018
2018-09-07 03:00:00,338,Clear,284.85,1,Friday,3,9,2018
2018-09-07 04:00:00,892,Clear,284.76,1,Friday,4,9,2018
2018-09-07 05:00:00,2942,Clear,284.41,1,Friday,5,9,2018
2018-09-07 06:00:00,5542,Clear,284.13,1,Friday,6,9,2018
2018-09-07 07:00:00,6675,Mist,284.21,75,Friday,7,9,2018
2018-09-07 08:00:00,5923,Clear,285.04,1,Friday,8,9,2018
2018-09-07 09:00:00,5061,Clear,287.12,1,Friday,9,9,2018
2018-09-07 10:00:00,4720,Clear,289.6,1,Friday,10,9,2018
2018-09-07 11:00:00,4700,Clouds,292.9,75,Friday,11,9,2018
2018-09-07 12:00:00,5073,Clouds,294.26,40,Friday,12,9,2018
2018-09-07 13:00:00,4832,Clouds,295.3,75,Friday,13,9,2018
2018-09-07 14:00:00,5163,Clouds,296.21,75,Friday,14,9,2018
2018-09-07 15:00:00,4831,Clear,296.72,1,Friday,15,9,2018
2018-09-07 16:00:00,6148,Clouds,297.21,40,Friday,16,9,2018
2018-09-07 17:00:00,5426,Clear,297.15,1,Friday,17,9,2018
2018-09-07 18:00:00,4699,Clear,296.63,1,Friday,18,9,2018
2018-09-07 19:00:00,3734,Clear,295.94,1,Friday,19,9,2018
2018-09-07 20:00:00,3360,Clouds,293.49,20,Friday,20,9,2018
2018-09-07 21:00:00,2803,Clouds,291.22,20,Friday,21,9,2018
2018-09-07 22:00:00,2669,Clouds,289.8,20,Friday,22,9,2018
2018-09-07 23:00:00,1957,Clear,289.01,1,Friday,23,9,2018
2018-09-08 00:00:00,1131,Clear,288.06,1,Saturday,0,9,2018
2018-09-08 01:00:00,690,Clear,287.4,1,Saturday,1,9,2018
2018-09-08 02:00:00,488,Fog,286.6,1,Saturday,2,9,2018
2018-09-08 03:00:00,393,Mist,286.06,1,Saturday,3,9,2018
2018-09-08 04:00:00,459,Mist,285.37,1,Saturday,4,9,2018
2018-09-08 05:00:00,830,Clear,284.82,1,Saturday,5,9,2018
2018-09-08 06:00:00,1504,Clear,284.77,1,Saturday,6,9,2018
2018-09-08 07:00:00,2063,Mist,284.18,5,Saturday,7,9,2018
2018-09-08 08:00:00,3043,Clear,284.81,1,Saturday,8,9,2018
2018-09-08 09:00:00,3588,Clear,287.92,1,Saturday,9,9,2018
2018-09-08 10:00:00,4039,Clear,289.96,1,Saturday,10,9,2018
2018-09-08 11:00:00,4249,Clear,291.7,5,Saturday,11,9,2018
2018-09-08 12:00:00,4690,Clear,293.34,5,Saturday,12,9,2018
2018-09-08 13:00:00,4550,Clear,294.53,5,Saturday,13,9,2018
2018-09-08 14:00:00,4612,Clear,295.17,1,Saturday,14,9,2018
2018-09-08 15:00:00,4756,Clear,295.76,5,Saturday,15,9,2018
2018-09-08 16:00:00,4848,Clear,296.04,5,Saturday,16,9,2018
2018-09-08 17:00:00,4125,Clear,295.84,1,Saturday,17,9,2018
2018-09-08 18:00:00,3745,Clear,295.67,5,Saturday,18,9,2018
2018-09-08 19:00:00,3399,Clear,294.5,5,Saturday,19,9,2018
2018-09-08 20:00:00,3245,Clouds,291.67,20,Saturday,20,9,2018
2018-09-08 21:00:00,2814,Clouds,289.36,20,Saturday,21,9,2018
2018-09-08 22:00:00,2478,Clear,288.51,5,Saturday,22,9,2018
2018-09-08 23:00:00,1916,Clear,287.72,1,Saturday,23,9,2018
2018-09-09 00:00:00,1286,Clear,287.23,1,Sunday,0,9,2018
2018-09-09 01:00:00,794,Clear,287.14,1,Sunday,1,9,2018
2018-09-09 02:00:00,620,Clear,286.82,1,Sunday,2,9,2018
2018-09-09 03:00:00,345,Clear,285.99,1,Sunday,3,9,2018
2018-09-09 04:00:00,353,Clear,285.55,1,Sunday,4,9,2018
2018-09-09 05:00:00,541,Clear,284.87,1,Sunday,5,9,2018
2018-09-09 06:00:00,1140,Mist,284.65,1,Sunday,6,9,2018
2018-09-09 07:00:00,1806,Mist,284.11,1,Sunday,7,9,2018
2018-09-09 08:00:00,2224,Mist,284.66,20,Sunday,8,9,2018
2018-09-09 09:00:00,3449,Clear,286.54,1,Sunday,9,9,2018
2018-09-09 10:00:00,4322,Rain,289.08,1,Sunday,10,9,2018
2018-09-09 11:00:00,4273,Clouds,290.78,75,Sunday,11,9,2018
2018-09-09 12:00:00,3990,Clouds,292.52,75,Sunday,12,9,2018
2018-09-09 13:00:00,3993,Clear,293.53,1,Sunday,13,9,2018
2018-09-09 14:00:00,3852,Clouds,294.5,75,Sunday,14,9,2018
2018-09-09 15:00:00,3888,Clouds,295.06,75,Sunday,15,9,2018
2018-09-09 16:00:00,4126,Clear,295.36,1,Sunday,16,9,2018
2018-09-09 17:00:00,3959,Clouds,295.38,75,Sunday,17,9,2018
2018-09-09 18:00:00,3692,Clear,294.96,1,Sunday,18,9,2018
2018-09-09 19:00:00,3258,Clear,294.16,1,Sunday,19,9,2018
2018-09-09 20:00:00,2755,Clouds,291.74,40,Sunday,20,9,2018
2018-09-09 21:00:00,2140,Clouds,290.17,40,Sunday,21,9,2018
2018-09-09 22:00:00,1534,Clouds,289.0,40,Sunday,22,9,2018
2018-09-09 23:00:00,996,Clear,288.01,1,Sunday,23,9,2018
2018-09-10 00:00:00,534,Clear,286.68,1,Monday,0,9,2018
2018-09-10 01:00:00,303,Clear,285.6,1,Monday,1,9,2018
2018-09-10 02:00:00,286,Clear,285.34,1,Monday,2,9,2018
2018-09-10 03:00:00,329,Clear,285.05,1,Monday,3,9,2018
2018-09-10 04:00:00,861,Clear,284.86,1,Monday,4,9,2018
2018-09-10 05:00:00,2963,Clear,284.86,1,Monday,5,9,2018
2018-09-10 06:00:00,5721,Clear,284.55,1,Monday,6,9,2018
2018-09-10 07:00:00,6561,Clear,284.35,1,Monday,7,9,2018
2018-09-10 08:00:00,6009,Clouds,285.08,20,Monday,8,9,2018
2018-09-10 09:00:00,5236,Clear,287.08,1,Monday,9,9,2018
2018-09-10 10:00:00,4201,Clouds,289.64,20,Monday,10,9,2018
2018-09-10 11:00:00,4498,Clear,292.46,1,Monday,11,9,2018
2018-09-10 12:00:00,4724,Clear,295.01,1,Monday,12,9,2018
2018-09-10 13:00:00,4462,Clear,296.28,5,Monday,13,9,2018
2018-09-10 14:00:00,5016,Clear,297.78,1,Monday,14,9,2018
2018-09-10 15:00:00,5688,Clouds,298.26,40,Monday,15,9,2018
2018-09-10 16:00:00,6344,Clouds,298.57,40,Monday,16,9,2018
2018-09-10 17:00:00,5857,Clouds,298.75,75,Monday,17,9,2018
2018-09-10 18:00:00,4245,Clouds,298.32,40,Monday,18,9,2018
2018-09-10 19:00:00,3184,Clear,297.65,1,Monday,19,9,2018
2018-09-10 20:00:00,2732,Clouds,295.55,40,Monday,20,9,2018
2018-09-10 21:00:00,2235,Clear,294.06,1,Monday,21,9,2018
2018-09-10 22:00:00,1389,Clouds,292.98,20,Monday,22,9,2018
2018-09-10 23:00:00,887,Clear,292.48,1,Monday,23,9,2018
2018-09-11 00:00:00,516,Clear,291.88,1,Tuesday,0,9,2018
2018-09-11 01:00:00,330,Clear,291.34,1,Tuesday,1,9,2018
2018-09-11 02:00:00,265,Clear,291.01,1,Tuesday,2,9,2018
2018-09-11 03:00:00,332,Clear,290.67,1,Tuesday,3,9,2018
2018-09-11 04:00:00,891,Clear,289.96,1,Tuesday,4,9,2018
2018-09-11 05:00:00,3055,Clear,289.76,1,Tuesday,5,9,2018
2018-09-11 06:00:00,5927,Clear,289.61,1,Tuesday,6,9,2018
2018-09-11 07:00:00,6496,Clear,289.36,1,Tuesday,7,9,2018
2018-09-11 08:00:00,6123,Clear,289.75,1,Tuesday,8,9,2018
2018-09-11 09:00:00,5471,Clear,291.86,1,Tuesday,9,9,2018
2018-09-11 10:00:00,4257,Clear,294.18,1,Tuesday,10,9,2018
2018-09-11 11:00:00,5074,Clear,296.18,5,Tuesday,11,9,2018
2018-09-11 12:00:00,4734,Clear,297.91,1,Tuesday,12,9,2018
2018-09-11 13:00:00,4875,Clear,299.06,1,Tuesday,13,9,2018
2018-09-11 14:00:00,4922,Rain,300.05,5,Tuesday,14,9,2018
2018-09-11 15:00:00,5636,Clear,300.68,5,Tuesday,15,9,2018
2018-09-11 16:00:00,6601,Clear,301.26,5,Tuesday,16,9,2018
2018-09-11 17:00:00,5859,Rain,301.14,75,Tuesday,17,9,2018
2018-09-11 18:00:00,4372,Rain,300.56,1,Tuesday,18,9,2018
2018-09-11 19:00:00,3427,Clouds,299.59,75,Tuesday,19,9,2018
2018-09-11 20:00:00,3114,Clouds,297.74,75,Tuesday,20,9,2018
2018-09-11 21:00:00,2501,Clear,297.2,1,Tuesday,21,9,2018
2018-09-11 22:00:00,1860,Clouds,296.2,40,Tuesday,22,9,2018
2018-09-11 23:00:00,2682,Clear,295.45,1,Tuesday,23,9,2018
2018-09-12 00:00:00,750,Clear,295.29,1,Wednesday,0,9,2018
2018-09-12 01:00:00,344,Clear,294.65,1,Wednesday,1,9,2018
2018-09-12 02:00:00,314,Clear,294.24,1,Wednesday,2,9,2018
2018-09-12 03:00:00,371,Clear,293.69,1,Wednesday,3,9,2018
2018-09-12 04:00:00,937,Clear,292.91,1,Wednesday,4,9,2018
2018-09-12 05:00:00,3085,Clear,292.61,1,Wednesday,5,9,2018
2018-09-12 06:00:00,5908,Rain,292.64,1,Wednesday,6,9,2018
2018-09-12 07:00:00,6677,Clear,292.19,1,Wednesday,7,9,2018
2018-09-12 08:00:00,6297,Thunderstorm,292.25,90,Wednesday,8,9,2018
2018-09-12 09:00:00,5551,Rain,293.2,90,Wednesday,9,9,2018
2018-09-12 09:00:00,5551,Thunderstorm,293.2,90,Wednesday,9,9,2018
2018-09-12 10:00:00,4499,Rain,294.49,20,Wednesday,10,9,2018
2018-09-12 10:00:00,4499,Thunderstorm,294.49,20,Wednesday,10,9,2018
2018-09-12 11:00:00,4598,Thunderstorm,296.3,75,Wednesday,11,9,2018
2018-09-12 12:00:00,4759,Clear,297.93,1,Wednesday,12,9,2018
2018-09-12 13:00:00,4733,Clear,299.54,1,Wednesday,13,9,2018
2018-09-12 14:00:00,5056,Clouds,300.63,40,Wednesday,14,9,2018
2018-09-12 15:00:00,5739,Clouds,301.49,40,Wednesday,15,9,2018
2018-09-12 16:00:00,6450,Clouds,301.88,40,Wednesday,16,9,2018
2018-09-12 17:00:00,6245,Clear,301.68,1,Wednesday,17,9,2018
2018-09-12 18:00:00,4668,Clouds,301.2,20,Wednesday,18,9,2018
2018-09-12 19:00:00,3510,Clouds,300.14,20,Wednesday,19,9,2018
2018-09-12 20:00:00,3064,Clear,297.82,5,Wednesday,20,9,2018
2018-09-12 21:00:00,2705,Clear,296.1,5,Wednesday,21,9,2018
2018-09-12 22:00:00,1813,Clear,295.32,5,Wednesday,22,9,2018
2018-09-12 23:00:00,2842,Clear,294.46,1,Wednesday,23,9,2018
2018-09-13 00:00:00,699,Clear,293.91,1,Thursday,0,9,2018
2018-09-13 01:00:00,413,Clear,293.19,1,Thursday,1,9,2018
2018-09-13 02:00:00,332,Clear,292.73,1,Thursday,2,9,2018
2018-09-13 03:00:00,383,Clear,292.16,1,Thursday,3,9,2018
2018-09-13 04:00:00,914,Clear,291.08,1,Thursday,4,9,2018
2018-09-13 05:00:00,3052,Clear,291.06,1,Thursday,5,9,2018
2018-09-13 06:00:00,5830,Clear,290.74,1,Thursday,6,9,2018
2018-09-13 07:00:00,6433,Clear,290.4,1,Thursday,7,9,2018
2018-09-13 08:00:00,6162,Clear,290.7,5,Thursday,8,9,2018
2018-09-13 09:00:00,5092,Clouds,293.01,20,Thursday,9,9,2018
2018-09-13 10:00:00,4584,Clear,294.56,1,Thursday,10,9,2018
2018-09-13 11:00:00,4767,Clouds,296.8,40,Thursday,11,9,2018
2018-09-13 12:00:00,4851,Clouds,298.56,20,Thursday,12,9,2018
2018-09-13 13:00:00,4826,Clouds,299.71,40,Thursday,13,9,2018
2018-09-13 14:00:00,5014,Clouds,300.84,75,Thursday,14,9,2018
2018-09-13 15:00:00,5617,Clouds,301.65,40,Thursday,15,9,2018
2018-09-13 16:00:00,6514,Clouds,301.86,75,Thursday,16,9,2018
2018-09-13 17:00:00,5701,Clouds,301.85,40,Thursday,17,9,2018
2018-09-13 18:00:00,4443,Clouds,301.62,40,Thursday,18,9,2018
2018-09-13 19:00:00,3669,Clouds,300.8,40,Thursday,19,9,2018
2018-09-13 20:00:00,3282,Clouds,299.01,40,Thursday,20,9,2018
2018-09-13 21:00:00,2676,Rain,297.9,5,Thursday,21,9,2018
2018-09-13 22:00:00,1921,Rain,296.99,5,Thursday,22,9,2018
2018-09-13 23:00:00,1167,Rain,296.34,40,Thursday,23,9,2018
2018-09-14 00:00:00,603,Clouds,295.66,40,Friday,0,9,2018
2018-09-14 01:00:00,376,Clear,295.1,1,Friday,1,9,2018
2018-09-14 02:00:00,333,Clear,294.91,1,Friday,2,9,2018
2018-09-14 03:00:00,377,Clear,294.51,1,Friday,3,9,2018
2018-09-14 04:00:00,892,Rain,294.21,75,Friday,4,9,2018
2018-09-14 05:00:00,2899,Clouds,294.44,40,Friday,5,9,2018
2018-09-14 06:00:00,5569,Clouds,294.35,40,Friday,6,9,2018
2018-09-14 07:00:00,6728,Clouds,294.44,90,Friday,7,9,2018
2018-09-14 08:00:00,5934,Clouds,294.53,75,Friday,8,9,2018
2018-09-14 09:00:00,5025,Rain,294.84,90,Friday,9,9,2018
2018-09-14 10:00:00,4566,Clear,295.85,1,Friday,10,9,2018
2018-09-14 11:00:00,4836,Clouds,297.79,75,Friday,11,9,2018
2018-09-14 12:00:00,5019,Clouds,298.99,75,Friday,12,9,2018
2018-09-14 13:00:00,4830,Clouds,300.55,75,Friday,13,9,2018
2018-09-14 14:00:00,5231,Clouds,301.26,75,Friday,14,9,2018
2018-09-14 15:00:00,5953,Clouds,302.12,40,Friday,15,9,2018
2018-09-14 16:00:00,6196,Clouds,302.56,75,Friday,16,9,2018
2018-09-14 17:00:00,5358,Clouds,302.77,75,Friday,17,9,2018
2018-09-14 18:00:00,4687,Clouds,302.56,75,Friday,18,9,2018
2018-09-14 19:00:00,3880,Clouds,301.19,40,Friday,19,9,2018
2018-09-14 20:00:00,3329,Clouds,299.59,20,Friday,20,9,2018
2018-09-14 21:00:00,3169,Clouds,298.03,40,Friday,21,9,2018
2018-09-14 22:00:00,2810,Clear,297.65,1,Friday,22,9,2018
2018-09-14 23:00:00,2024,Clear,297.41,1,Friday,23,9,2018
2018-09-15 00:00:00,1179,Clouds,296.9,75,Saturday,0,9,2018
2018-09-15 01:00:00,808,Clouds,296.53,20,Saturday,1,9,2018
2018-09-15 02:00:00,584,Clear,296.19,1,Saturday,2,9,2018
2018-09-15 03:00:00,428,Clear,296.1,1,Saturday,3,9,2018
2018-09-15 04:00:00,502,Thunderstorm,295.73,1,Saturday,4,9,2018
2018-09-15 05:00:00,871,Clear,295.48,1,Saturday,5,9,2018
2018-09-15 06:00:00,1469,Clear,295.26,1,Saturday,6,9,2018
2018-09-15 07:00:00,2117,Rain,294.95,20,Saturday,7,9,2018
2018-09-15 07:00:00,2117,Thunderstorm,294.95,20,Saturday,7,9,2018
2018-09-15 08:00:00,3442,Clouds,295.06,40,Saturday,8,9,2018
2018-09-15 09:00:00,3999,Clear,296.47,1,Saturday,9,9,2018
2018-09-15 10:00:00,4448,Clouds,298.57,75,Saturday,10,9,2018
2018-09-15 11:00:00,4772,Clouds,300.79,40,Saturday,11,9,2018
2018-09-15 12:00:00,4990,Clouds,302.57,20,Saturday,12,9,2018
2018-09-15 13:00:00,4848,Clouds,304.28,40,Saturday,13,9,2018
2018-09-15 14:00:00,4343,Clouds,304.91,75,Saturday,14,9,2018
2018-09-15 15:00:00,4296,Clouds,305.88,40,Saturday,15,9,2018
2018-09-15 16:00:00,4219,Clouds,306.07,40,Saturday,16,9,2018
2018-09-15 17:00:00,3953,Clouds,306.08,20,Saturday,17,9,2018
2018-09-15 18:00:00,3826,Clouds,305.44,20,Saturday,18,9,2018
2018-09-15 19:00:00,3455,Clear,304.47,1,Saturday,19,9,2018
2018-09-15 20:00:00,3208,Clear,301.34,5,Saturday,20,9,2018
2018-09-15 21:00:00,3055,Clear,299.26,1,Saturday,21,9,2018
2018-09-15 22:00:00,2741,Clear,298.21,1,Saturday,22,9,2018
2018-09-15 23:00:00,2123,Clear,297.83,1,Saturday,23,9,2018
2018-09-16 00:00:00,1353,Clear,297.57,1,Sunday,0,9,2018
2018-09-16 01:00:00,786,Clear,297.11,1,Sunday,1,9,2018
2018-09-16 02:00:00,607,Clear,296.77,1,Sunday,2,9,2018
2018-09-16 03:00:00,401,Clear,296.42,1,Sunday,3,9,2018
2018-09-16 04:00:00,313,Clear,295.83,1,Sunday,4,9,2018
2018-09-16 05:00:00,467,Clouds,295.41,90,Sunday,5,9,2018
2018-09-16 06:00:00,850,Clouds,295.3,75,Sunday,6,9,2018
2018-09-16 07:00:00,1302,Clouds,294.95,40,Sunday,7,9,2018
2018-09-16 08:00:00,2090,Clear,294.95,1,Sunday,8,9,2018
2018-09-16 09:00:00,3039,Clouds,296.62,40,Sunday,9,9,2018
2018-09-16 10:00:00,3278,Clouds,298.33,40,Sunday,10,9,2018
2018-09-16 11:00:00,4352,Clouds,300.87,20,Sunday,11,9,2018
2018-09-16 12:00:00,3978,Clear,302.23,1,Sunday,12,9,2018
2018-09-16 13:00:00,3935,Clouds,303.25,40,Sunday,13,9,2018
2018-09-16 14:00:00,3829,Clouds,304.41,40,Sunday,14,9,2018
2018-09-16 15:00:00,4101,Clouds,304.55,40,Sunday,15,9,2018
2018-09-16 16:00:00,4539,Clouds,304.9,40,Sunday,16,9,2018
2018-09-16 17:00:00,4154,Clear,304.82,1,Sunday,17,9,2018
2018-09-16 18:00:00,3701,Clouds,304.09,20,Sunday,18,9,2018
2018-09-16 19:00:00,3400,Clear,303.02,5,Sunday,19,9,2018
2018-09-16 20:00:00,3092,Clear,300.78,1,Sunday,20,9,2018
2018-09-16 21:00:00,2623,Clear,298.9,5,Sunday,21,9,2018
2018-09-16 22:00:00,1725,Clear,297.85,5,Sunday,22,9,2018
2018-09-16 23:00:00,1088,Clear,297.44,1,Sunday,23,9,2018
2018-09-17 00:00:00,550,Clear,296.58,1,Monday,0,9,2018
2018-09-17 01:00:00,280,Clear,296.19,1,Monday,1,9,2018
2018-09-17 02:00:00,260,Clear,295.82,1,Monday,2,9,2018
2018-09-17 03:00:00,344,Clouds,295.83,75,Monday,3,9,2018
2018-09-17 04:00:00,880,Clouds,295.68,90,Monday,4,9,2018
2018-09-17 05:00:00,2965,Clouds,295.35,40,Monday,5,9,2018
2018-09-17 06:00:00,5667,Clouds,294.9,40,Monday,6,9,2018
2018-09-17 07:00:00,6533,Clouds,293.45,20,Monday,7,9,2018
2018-09-17 08:00:00,6070,Clouds,293.91,40,Monday,8,9,2018
2018-09-17 09:00:00,5145,Clear,294.66,1,Monday,9,9,2018
2018-09-17 10:00:00,4201,Clear,295.45,5,Monday,10,9,2018
2018-09-17 11:00:00,4371,Clear,296.6,5,Monday,11,9,2018
2018-09-17 12:00:00,4533,Clouds,297.4,40,Monday,12,9,2018
2018-09-17 13:00:00,4680,Thunderstorm,297.54,90,Monday,13,9,2018
2018-09-17 14:00:00,4930,Rain,294.46,90,Monday,14,9,2018
2018-09-17 14:00:00,4930,Thunderstorm,294.46,90,Monday,14,9,2018
2018-09-17 15:00:00,5327,Rain,289.76,90,Monday,15,9,2018
2018-09-17 15:00:00,5327,Thunderstorm,289.76,90,Monday,15,9,2018
2018-09-17 15:00:00,5327,Mist,289.76,90,Monday,15,9,2018
2018-09-17 15:00:00,5327,Drizzle,289.76,90,Monday,15,9,2018
2018-09-17 16:00:00,6354,Rain,288.62,90,Monday,16,9,2018
2018-09-17 16:00:00,6354,Mist,288.62,90,Monday,16,9,2018
2018-09-17 16:00:00,6354,Thunderstorm,288.62,90,Monday,16,9,2018
2018-09-17 17:00:00,5412,Rain,288.63,75,Monday,17,9,2018
2018-09-17 17:00:00,5412,Mist,288.63,75,Monday,17,9,2018
2018-09-17 17:00:00,5412,Drizzle,288.63,75,Monday,17,9,2018
2018-09-17 18:00:00,4000,Rain,289.45,75,Monday,18,9,2018
2018-09-17 18:00:00,4000,Thunderstorm,289.45,75,Monday,18,9,2018
2018-09-17 19:00:00,2897,Rain,289.81,40,Monday,19,9,2018
2018-09-17 19:00:00,2897,Mist,289.81,40,Monday,19,9,2018
2018-09-17 20:00:00,2466,Rain,289.38,90,Monday,20,9,2018
2018-09-17 20:00:00,2466,Mist,289.38,90,Monday,20,9,2018
2018-09-17 21:00:00,2090,Rain,288.66,90,Monday,21,9,2018
2018-09-17 22:00:00,1434,Rain,288.45,40,Monday,22,9,2018
2018-09-17 23:00:00,869,Clear,288.14,1,Monday,23,9,2018
2018-09-18 00:00:00,536,Rain,287.85,90,Tuesday,0,9,2018
2018-09-18 00:00:00,536,Thunderstorm,287.85,90,Tuesday,0,9,2018
2018-09-18 01:00:00,351,Rain,287.93,90,Tuesday,1,9,2018
2018-09-18 01:00:00,351,Thunderstorm,287.93,90,Tuesday,1,9,2018
2018-09-18 01:00:00,351,Mist,287.93,90,Tuesday,1,9,2018
2018-09-18 02:00:00,227,Rain,287.96,90,Tuesday,2,9,2018
2018-09-18 02:00:00,227,Thunderstorm,287.96,90,Tuesday,2,9,2018
2018-09-18 03:00:00,340,Rain,288.2,75,Tuesday,3,9,2018
2018-09-18 03:00:00,340,Thunderstorm,288.2,75,Tuesday,3,9,2018
2018-09-18 03:00:00,340,Mist,288.2,75,Tuesday,3,9,2018
2018-09-18 04:00:00,858,Rain,288.29,90,Tuesday,4,9,2018
2018-09-18 04:00:00,858,Thunderstorm,288.29,90,Tuesday,4,9,2018
2018-09-18 04:00:00,858,Mist,288.29,90,Tuesday,4,9,2018
2018-09-18 05:00:00,3027,Rain,288.21,20,Tuesday,5,9,2018
2018-09-18 05:00:00,3027,Mist,288.21,20,Tuesday,5,9,2018
2018-09-18 05:00:00,3027,Thunderstorm,288.21,20,Tuesday,5,9,2018
2018-09-18 06:00:00,5642,Rain,288.54,90,Tuesday,6,9,2018
2018-09-18 06:00:00,5642,Thunderstorm,288.54,90,Tuesday,6,9,2018
2018-09-18 06:00:00,5642,Mist,288.54,90,Tuesday,6,9,2018
2018-09-18 07:00:00,6516,Rain,288.54,90,Tuesday,7,9,2018
2018-09-18 07:00:00,6516,Mist,288.54,90,Tuesday,7,9,2018
2018-09-18 08:00:00,5873,Rain,288.43,90,Tuesday,8,9,2018
2018-09-18 08:00:00,5873,Mist,288.43,90,Tuesday,8,9,2018
2018-09-18 08:00:00,5873,Thunderstorm,288.43,90,Tuesday,8,9,2018
2018-09-18 09:00:00,5123,Rain,288.46,90,Tuesday,9,9,2018
2018-09-18 09:00:00,5123,Thunderstorm,288.46,90,Tuesday,9,9,2018
2018-09-18 09:00:00,5123,Mist,288.46,90,Tuesday,9,9,2018
2018-09-18 10:00:00,4527,Rain,288.6,90,Tuesday,10,9,2018
2018-09-18 10:00:00,4527,Thunderstorm,288.6,90,Tuesday,10,9,2018
2018-09-18 10:00:00,4527,Mist,288.6,90,Tuesday,10,9,2018
2018-09-18 11:00:00,4593,Rain,288.53,90,Tuesday,11,9,2018
2018-09-18 12:00:00,4725,Clouds,289.02,90,Tuesday,12,9,2018
2018-09-18 13:00:00,4737,Rain,289.68,90,Tuesday,13,9,2018
2018-09-18 14:00:00,4931,Clouds,290.45,90,Tuesday,14,9,2018
2018-09-18 15:00:00,5623,Clouds,290.81,90,Tuesday,15,9,2018
2018-09-18 16:00:00,6623,Clouds,290.83,90,Tuesday,16,9,2018
2018-09-18 17:00:00,5916,Clouds,290.63,90,Tuesday,17,9,2018
2018-09-18 18:00:00,4423,Rain,290.19,90,Tuesday,18,9,2018
2018-09-18 18:00:00,4423,Mist,290.19,90,Tuesday,18,9,2018
2018-09-18 19:00:00,3309,Rain,289.96,90,Tuesday,19,9,2018
2018-09-18 19:00:00,3309,Drizzle,289.96,90,Tuesday,19,9,2018
2018-09-18 20:00:00,2805,Rain,289.71,90,Tuesday,20,9,2018
2018-09-18 21:00:00,2400,Rain,289.45,90,Tuesday,21,9,2018
2018-09-18 22:00:00,2631,Rain,289.07,90,Tuesday,22,9,2018
2018-09-18 22:00:00,2631,Mist,289.07,90,Tuesday,22,9,2018
2018-09-18 23:00:00,1501,Clouds,289.32,90,Tuesday,23,9,2018
2018-09-19 00:00:00,617,Rain,289.33,90,Wednesday,0,9,2018
2018-09-19 00:00:00,617,Thunderstorm,289.33,90,Wednesday,0,9,2018
2018-09-19 01:00:00,401,Rain,289.05,90,Wednesday,1,9,2018
2018-09-19 01:00:00,401,Thunderstorm,289.05,90,Wednesday,1,9,2018
2018-09-19 02:00:00,282,Rain,289.08,90,Wednesday,2,9,2018
2018-09-19 02:00:00,282,Thunderstorm,289.08,90,Wednesday,2,9,2018
2018-09-19 03:00:00,358,Rain,288.94,90,Wednesday,3,9,2018
2018-09-19 03:00:00,358,Mist,288.94,90,Wednesday,3,9,2018
2018-09-19 04:00:00,913,Haze,288.86,90,Wednesday,4,9,2018
2018-09-19 04:00:00,913,Mist,288.86,90,Wednesday,4,9,2018
2018-09-19 04:00:00,913,Rain,288.86,90,Wednesday,4,9,2018
2018-09-19 05:00:00,3074,Mist,288.67,90,Wednesday,5,9,2018
2018-09-19 05:00:00,3074,Haze,288.67,90,Wednesday,5,9,2018
2018-09-19 06:00:00,5803,Mist,288.57,90,Wednesday,6,9,2018
2018-09-19 06:00:00,5803,Haze,288.57,90,Wednesday,6,9,2018
2018-09-19 07:00:00,6510,Rain,288.37,90,Wednesday,7,9,2018
2018-09-19 07:00:00,6510,Mist,288.37,90,Wednesday,7,9,2018
2018-09-19 07:00:00,6510,Drizzle,288.37,90,Wednesday,7,9,2018
2018-09-19 08:00:00,6101,Mist,288.31,90,Wednesday,8,9,2018
2018-09-19 08:00:00,6101,Fog,288.31,90,Wednesday,8,9,2018
2018-09-19 09:00:00,5331,Rain,288.17,90,Wednesday,9,9,2018
2018-09-19 09:00:00,5331,Mist,288.17,90,Wednesday,9,9,2018
2018-09-19 09:00:00,5331,Fog,288.17,90,Wednesday,9,9,2018
2018-09-19 09:00:00,5331,Drizzle,288.17,90,Wednesday,9,9,2018
2018-09-19 10:00:00,4266,Rain,288.07,90,Wednesday,10,9,2018
2018-09-19 10:00:00,4266,Mist,288.07,90,Wednesday,10,9,2018
2018-09-19 10:00:00,4266,Fog,288.07,90,Wednesday,10,9,2018
2018-09-19 10:00:00,4266,Drizzle,288.07,90,Wednesday,10,9,2018
2018-09-19 11:00:00,4567,Rain,287.24,90,Wednesday,11,9,2018
2018-09-19 11:00:00,4567,Mist,287.24,90,Wednesday,11,9,2018
2018-09-19 11:00:00,4567,Drizzle,287.24,90,Wednesday,11,9,2018
2018-09-19 12:00:00,4734,Rain,288.11,90,Wednesday,12,9,2018
2018-09-19 12:00:00,4734,Mist,288.11,90,Wednesday,12,9,2018
2018-09-19 13:00:00,4675,Rain,288.84,90,Wednesday,13,9,2018
2018-09-19 13:00:00,4675,Drizzle,288.84,90,Wednesday,13,9,2018
2018-09-19 13:00:00,4675,Mist,288.84,90,Wednesday,13,9,2018
2018-09-19 14:00:00,4980,Rain,289.27,90,Wednesday,14,9,2018
2018-09-19 14:00:00,4980,Haze,289.27,90,Wednesday,14,9,2018
2018-09-19 15:00:00,5718,Mist,289.73,90,Wednesday,15,9,2018
2018-09-19 16:00:00,6382,Mist,290.33,90,Wednesday,16,9,2018
2018-09-19 16:00:00,6382,Rain,290.33,90,Wednesday,16,9,2018
2018-09-19 17:00:00,5647,Rain,289.56,90,Wednesday,17,9,2018
2018-09-19 17:00:00,5647,Drizzle,289.56,90,Wednesday,17,9,2018
2018-09-19 17:00:00,5647,Mist,289.56,90,Wednesday,17,9,2018
2018-09-19 18:00:00,4469,Rain,289.5,90,Wednesday,18,9,2018
2018-09-19 18:00:00,4469,Mist,289.5,90,Wednesday,18,9,2018
2018-09-19 18:00:00,4469,Drizzle,289.5,90,Wednesday,18,9,2018
2018-09-19 19:00:00,3460,Mist,289.07,90,Wednesday,19,9,2018
2018-09-19 19:00:00,3460,Haze,289.07,90,Wednesday,19,9,2018
2018-09-19 20:00:00,2865,Rain,288.79,90,Wednesday,20,9,2018
2018-09-19 21:00:00,2576,Mist,288.26,90,Wednesday,21,9,2018
2018-09-19 21:00:00,2576,Drizzle,288.26,90,Wednesday,21,9,2018
2018-09-19 22:00:00,1693,Mist,287.91,90,Wednesday,22,9,2018
2018-09-19 22:00:00,1693,Rain,287.91,90,Wednesday,22,9,2018
2018-09-19 22:00:00,1693,Drizzle,287.91,90,Wednesday,22,9,2018
2018-09-19 23:00:00,994,Mist,287.73,90,Wednesday,23,9,2018
2018-09-20 00:00:00,583,Mist,287.53,90,Thursday,0,9,2018
2018-09-20 01:00:00,349,Mist,287.48,90,Thursday,1,9,2018
2018-09-20 01:00:00,349,Haze,287.48,90,Thursday,1,9,2018
2018-09-20 02:00:00,265,Rain,287.39,90,Thursday,2,9,2018
2018-09-20 02:00:00,265,Mist,287.39,90,Thursday,2,9,2018
2018-09-20 02:00:00,265,Drizzle,287.39,90,Thursday,2,9,2018
2018-09-20 03:00:00,344,Mist,287.37,90,Thursday,3,9,2018
2018-09-20 03:00:00,344,Rain,287.37,90,Thursday,3,9,2018
2018-09-20 03:00:00,344,Haze,287.37,90,Thursday,3,9,2018
2018-09-20 04:00:00,914,Rain,287.48,90,Thursday,4,9,2018
2018-09-20 04:00:00,914,Mist,287.48,90,Thursday,4,9,2018
2018-09-20 05:00:00,2924,Rain,287.6,90,Thursday,5,9,2018
2018-09-20 05:00:00,2924,Mist,287.6,90,Thursday,5,9,2018
2018-09-20 05:00:00,2924,Drizzle,287.6,90,Thursday,5,9,2018
2018-09-20 05:00:00,2924,Haze,287.6,90,Thursday,5,9,2018
2018-09-20 06:00:00,5417,Rain,287.84,90,Thursday,6,9,2018
2018-09-20 06:00:00,5417,Mist,287.84,90,Thursday,6,9,2018
2018-09-20 06:00:00,5417,Drizzle,287.84,90,Thursday,6,9,2018
2018-09-20 06:00:00,5417,Haze,287.84,90,Thursday,6,9,2018
2018-09-20 07:00:00,5766,Rain,288.0,90,Thursday,7,9,2018
2018-09-20 07:00:00,5766,Mist,288.0,90,Thursday,7,9,2018
2018-09-20 08:00:00,5331,Rain,287.99,90,Thursday,8,9,2018
2018-09-20 08:00:00,5331,Mist,287.99,90,Thursday,8,9,2018
2018-09-20 09:00:00,5264,Rain,288.22,90,Thursday,9,9,2018
2018-09-20 09:00:00,5264,Mist,288.22,90,Thursday,9,9,2018
2018-09-20 10:00:00,4326,Rain,288.71,90,Thursday,10,9,2018
2018-09-20 10:00:00,4326,Mist,288.71,90,Thursday,10,9,2018
2018-09-20 10:00:00,4326,Drizzle,288.71,90,Thursday,10,9,2018
2018-09-20 11:00:00,4592,Rain,289.0,90,Thursday,11,9,2018
2018-09-20 11:00:00,4592,Mist,289.0,90,Thursday,11,9,2018
2018-09-20 11:00:00,4592,Drizzle,289.0,90,Thursday,11,9,2018
2018-09-20 12:00:00,4695,Rain,289.74,90,Thursday,12,9,2018
2018-09-20 12:00:00,4695,Drizzle,289.74,90,Thursday,12,9,2018
2018-09-20 13:00:00,4459,Rain,290.31,90,Thursday,13,9,2018
2018-09-20 14:00:00,4517,Rain,290.77,90,Thursday,14,9,2018
2018-09-20 14:00:00,4517,Thunderstorm,290.77,90,Thursday,14,9,2018
2018-09-20 14:00:00,4517,Fog,290.77,90,Thursday,14,9,2018
2018-09-20 14:00:00,4517,Mist,290.77,90,Thursday,14,9,2018
2018-09-20 15:00:00,5257,Rain,290.84,90,Thursday,15,9,2018
2018-09-20 15:00:00,5257,Thunderstorm,290.84,90,Thursday,15,9,2018
2018-09-20 15:00:00,5257,Mist,290.84,90,Thursday,15,9,2018
2018-09-20 16:00:00,6331,Rain,290.97,90,Thursday,16,9,2018
2018-09-20 16:00:00,6331,Thunderstorm,290.97,90,Thursday,16,9,2018
2018-09-20 16:00:00,6331,Mist,290.97,90,Thursday,16,9,2018
2018-09-20 17:00:00,5065,Rain,291.1,90,Thursday,17,9,2018
2018-09-20 17:00:00,5065,Thunderstorm,291.1,90,Thursday,17,9,2018
2018-09-20 17:00:00,5065,Mist,291.1,90,Thursday,17,9,2018
2018-09-20 18:00:00,3898,Rain,290.9,90,Thursday,18,9,2018
2018-09-20 18:00:00,3898,Thunderstorm,290.9,90,Thursday,18,9,2018
2018-09-20 18:00:00,3898,Mist,290.9,90,Thursday,18,9,2018
2018-09-20 18:00:00,3898,Fog,290.9,90,Thursday,18,9,2018
2018-09-20 18:00:00,3898,Haze,290.9,90,Thursday,18,9,2018
2018-09-20 19:00:00,2957,Rain,290.88,90,Thursday,19,9,2018
2018-09-20 19:00:00,2957,Thunderstorm,290.88,90,Thursday,19,9,2018
2018-09-20 19:00:00,2957,Mist,290.88,90,Thursday,19,9,2018
2018-09-20 19:00:00,2957,Haze,290.88,90,Thursday,19,9,2018
2018-09-20 20:00:00,2740,Rain,291.2,90,Thursday,20,9,2018
2018-09-20 20:00:00,2740,Thunderstorm,291.2,90,Thursday,20,9,2018
2018-09-20 20:00:00,2740,Mist,291.2,90,Thursday,20,9,2018
2018-09-20 20:00:00,2740,Drizzle,291.2,90,Thursday,20,9,2018
2018-09-20 21:00:00,3497,Rain,291.21,90,Thursday,21,9,2018
2018-09-20 22:00:00,2356,Rain,291.35,90,Thursday,22,9,2018
2018-09-20 22:00:00,2356,Drizzle,291.35,90,Thursday,22,9,2018
2018-09-20 23:00:00,1633,Rain,291.83,90,Thursday,23,9,2018
2018-09-21 00:00:00,698,Clouds,292.14,90,Friday,0,9,2018
2018-09-21 01:00:00,407,Rain,291.33,90,Friday,1,9,2018
2018-09-21 02:00:00,304,Rain,290.05,90,Friday,2,9,2018
2018-09-21 03:00:00,377,Clouds,289.21,90,Friday,3,9,2018
2018-09-21 04:00:00,867,Rain,288.18,90,Friday,4,9,2018
2018-09-21 04:00:00,867,Mist,288.18,90,Friday,4,9,2018
2018-09-21 04:00:00,867,Drizzle,288.18,90,Friday,4,9,2018
2018-09-21 05:00:00,2919,Rain,286.89,75,Friday,5,9,2018
2018-09-21 05:00:00,2919,Mist,286.89,75,Friday,5,9,2018
2018-09-21 05:00:00,2919,Drizzle,286.89,75,Friday,5,9,2018
2018-09-21 06:00:00,5457,Drizzle,286.31,90,Friday,6,9,2018
2018-09-21 07:00:00,6539,Drizzle,285.36,90,Friday,7,9,2018
2018-09-21 08:00:00,5653,Drizzle,284.21,90,Friday,8,9,2018
2018-09-21 08:00:00,5653,Mist,284.21,90,Friday,8,9,2018
2018-09-21 08:00:00,5653,Rain,284.21,90,Friday,8,9,2018
2018-09-21 09:00:00,4981,Rain,283.96,90,Friday,9,9,2018
2018-09-21 09:00:00,4981,Drizzle,283.96,90,Friday,9,9,2018
2018-09-21 09:00:00,4981,Mist,283.96,90,Friday,9,9,2018
2018-09-21 10:00:00,4548,Rain,283.95,90,Friday,10,9,2018
2018-09-21 11:00:00,4937,Clouds,284.14,90,Friday,11,9,2018
2018-09-21 12:00:00,5039,Rain,284.16,90,Friday,12,9,2018
2018-09-21 13:00:00,4901,Clouds,284.61,90,Friday,13,9,2018
2018-09-21 14:00:00,5185,Clouds,285.16,90,Friday,14,9,2018
2018-09-21 15:00:00,5973,Clouds,285.69,90,Friday,15,9,2018
2018-09-21 16:00:00,6007,Clouds,286.67,75,Friday,16,9,2018
2018-09-21 17:00:00,5489,Clouds,287.4,75,Friday,17,9,2018
2018-09-21 18:00:00,4607,Clouds,287.43,40,Friday,18,9,2018
2018-09-21 19:00:00,3958,Clouds,286.44,20,Friday,19,9,2018
2018-09-21 20:00:00,3255,Clear,283.91,1,Friday,20,9,2018
2018-09-21 21:00:00,2931,Clear,282.25,5,Friday,21,9,2018
2018-09-21 22:00:00,2570,Clear,280.81,1,Friday,22,9,2018
2018-09-21 23:00:00,2179,Clear,280.12,1,Friday,23,9,2018
2018-09-22 00:00:00,1516,Clear,279.32,1,Saturday,0,9,2018
2018-09-22 01:00:00,1273,Clear,278.94,1,Saturday,1,9,2018
2018-09-22 02:00:00,1207,Clear,278.81,1,Saturday,2,9,2018
2018-09-22 03:00:00,611,Clear,278.57,1,Saturday,3,9,2018
2018-09-22 04:00:00,647,Clear,278.49,1,Saturday,4,9,2018
2018-09-22 05:00:00,960,Clear,278.58,1,Saturday,5,9,2018
2018-09-22 06:00:00,1635,Clear,278.84,1,Saturday,6,9,2018
2018-09-22 07:00:00,2445,Clear,279.34,1,Saturday,7,9,2018
2018-09-22 08:00:00,3415,Clear,279.69,1,Saturday,8,9,2018
2018-09-22 09:00:00,3770,Clear,281.4,1,Saturday,9,9,2018
2018-09-22 10:00:00,4308,Clear,284.0,1,Saturday,10,9,2018
2018-09-22 11:00:00,4638,Clear,285.97,1,Saturday,11,9,2018
2018-09-22 12:00:00,4831,Clear,287.72,5,Saturday,12,9,2018
2018-09-22 13:00:00,4565,Clouds,288.91,20,Saturday,13,9,2018
2018-09-22 14:00:00,4654,Rain,290.01,20,Saturday,14,9,2018
2018-09-22 15:00:00,4589,Clouds,290.99,40,Saturday,15,9,2018
2018-09-22 16:00:00,4582,Clear,291.79,1,Saturday,16,9,2018
2018-09-22 17:00:00,4847,Clouds,292.36,40,Saturday,17,9,2018
2018-09-22 18:00:00,4620,Clouds,292.19,75,Saturday,18,9,2018
2018-09-22 19:00:00,4347,Clouds,291.32,75,Saturday,19,9,2018
2018-09-22 20:00:00,3602,Clouds,288.75,40,Saturday,20,9,2018
2018-09-22 21:00:00,2985,Clouds,287.79,40,Saturday,21,9,2018
2018-09-22 22:00:00,2480,Clouds,287.22,75,Saturday,22,9,2018
2018-09-22 23:00:00,1871,Clouds,286.75,20,Saturday,23,9,2018
2018-09-23 00:00:00,1249,Clouds,285.71,40,Sunday,0,9,2018
2018-09-23 01:00:00,690,Clouds,286.06,90,Sunday,1,9,2018
2018-09-23 02:00:00,565,Clouds,285.63,40,Sunday,2,9,2018
2018-09-23 03:00:00,319,Clouds,284.99,40,Sunday,3,9,2018
2018-09-23 04:00:00,339,Clear,284.29,1,Sunday,4,9,2018
2018-09-23 05:00:00,514,Clear,283.56,1,Sunday,5,9,2018
2018-09-23 06:00:00,910,Clear,283.29,1,Sunday,6,9,2018
2018-09-23 07:00:00,1402,Clouds,283.6,20,Sunday,7,9,2018
2018-09-23 08:00:00,2203,Clouds,284.02,20,Sunday,8,9,2018
2018-09-23 09:00:00,3562,Clouds,286.24,20,Sunday,9,9,2018
2018-09-23 10:00:00,4594,Clear,288.5,1,Sunday,10,9,2018
2018-09-23 11:00:00,4252,Clear,290.91,1,Sunday,11,9,2018
2018-09-23 12:00:00,3945,Clouds,292.6,75,Sunday,12,9,2018
2018-09-23 13:00:00,4107,Rain,294.46,1,Sunday,13,9,2018
2018-09-23 14:00:00,4091,Clouds,295.44,40,Sunday,14,9,2018
2018-09-23 15:00:00,4195,Clear,296.12,1,Sunday,15,9,2018
2018-09-23 16:00:00,4413,Clear,296.61,1,Sunday,16,9,2018
2018-09-23 17:00:00,4117,Clouds,296.9,40,Sunday,17,9,2018
2018-09-23 18:00:00,3997,Clouds,296.15,40,Sunday,18,9,2018
2018-09-23 19:00:00,3516,Haze,295.23,75,Sunday,19,9,2018
2018-09-23 20:00:00,2846,Clouds,292.94,75,Sunday,20,9,2018
2018-09-23 21:00:00,2346,Clear,292.27,1,Sunday,21,9,2018
2018-09-23 22:00:00,1635,Clouds,291.44,40,Sunday,22,9,2018
2018-09-23 23:00:00,934,Clear,291.12,1,Sunday,23,9,2018
2018-09-24 00:00:00,509,Clear,290.35,1,Monday,0,9,2018
2018-09-24 01:00:00,344,Clear,289.75,1,Monday,1,9,2018
2018-09-24 02:00:00,219,Clear,289.02,1,Monday,2,9,2018
2018-09-24 03:00:00,328,Clear,288.78,1,Monday,3,9,2018
2018-09-24 04:00:00,888,Clear,288.18,1,Monday,4,9,2018
2018-09-24 05:00:00,2954,Thunderstorm,287.91,1,Monday,5,9,2018
2018-09-24 06:00:00,5747,Thunderstorm,287.33,1,Monday,6,9,2018
2018-09-24 07:00:00,6591,Clouds,287.18,75,Monday,7,9,2018
2018-09-24 08:00:00,5900,Clouds,287.19,75,Monday,8,9,2018
2018-09-24 09:00:00,4936,Clear,288.25,1,Monday,9,9,2018
2018-09-24 10:00:00,4351,Clouds,290.03,75,Monday,10,9,2018
2018-09-24 11:00:00,4468,Clouds,292.18,75,Monday,11,9,2018
2018-09-24 12:00:00,4531,Clouds,293.51,75,Monday,12,9,2018
2018-09-24 13:00:00,4433,Clouds,295.3,90,Monday,13,9,2018
2018-09-24 14:00:00,4816,Clouds,296.0,40,Monday,14,9,2018
2018-09-24 15:00:00,5443,Clouds,296.52,75,Monday,15,9,2018
2018-09-24 16:00:00,6307,Clear,297.04,1,Monday,16,9,2018
2018-09-24 17:00:00,5562,Clear,296.79,1,Monday,17,9,2018
2018-09-24 18:00:00,4167,Clouds,296.06,90,Monday,18,9,2018
2018-09-24 19:00:00,3253,Clouds,294.52,90,Monday,19,9,2018
2018-09-24 20:00:00,2559,Rain,292.69,90,Monday,20,9,2018
2018-09-24 21:00:00,2084,Rain,290.97,90,Monday,21,9,2018
2018-09-24 22:00:00,1392,Rain,290.01,90,Monday,22,9,2018
2018-09-24 22:00:00,1392,Mist,290.01,90,Monday,22,9,2018
2018-09-24 22:00:00,1392,Drizzle,290.01,90,Monday,22,9,2018
2018-09-24 23:00:00,826,Rain,288.62,90,Monday,23,9,2018
2018-09-24 23:00:00,826,Mist,288.62,90,Monday,23,9,2018
2018-09-24 23:00:00,826,Thunderstorm,288.62,90,Monday,23,9,2018
2018-09-25 00:00:00,527,Rain,287.65,90,Tuesday,0,9,2018
2018-09-25 00:00:00,527,Mist,287.65,90,Tuesday,0,9,2018
2018-09-25 01:00:00,302,Rain,287.02,90,Tuesday,1,9,2018
2018-09-25 01:00:00,302,Mist,287.02,90,Tuesday,1,9,2018
2018-09-25 02:00:00,234,Rain,286.65,90,Tuesday,2,9,2018
2018-09-25 02:00:00,234,Mist,286.65,90,Tuesday,2,9,2018
2018-09-25 03:00:00,366,Drizzle,286.31,90,Tuesday,3,9,2018
2018-09-25 04:00:00,880,Clouds,285.32,75,Tuesday,4,9,2018
2018-09-25 05:00:00,3063,Clouds,284.96,90,Tuesday,5,9,2018
2018-09-25 06:00:00,5833,Clouds,284.32,90,Tuesday,6,9,2018
2018-09-25 07:00:00,6568,Mist,284.5,90,Tuesday,7,9,2018
2018-09-25 08:00:00,6080,Haze,284.49,90,Tuesday,8,9,2018
2018-09-25 09:00:00,5083,Rain,284.27,90,Tuesday,9,9,2018
2018-09-25 10:00:00,4385,Rain,284.27,90,Tuesday,10,9,2018
2018-09-25 11:00:00,4458,Rain,284.15,90,Tuesday,11,9,2018
2018-09-25 12:00:00,4580,Rain,284.06,90,Tuesday,12,9,2018
2018-09-25 12:00:00,4580,Mist,284.06,90,Tuesday,12,9,2018
2018-09-25 12:00:00,4580,Drizzle,284.06,90,Tuesday,12,9,2018
2018-09-25 13:00:00,4716,Rain,284.02,90,Tuesday,13,9,2018
2018-09-25 14:00:00,4973,Rain,283.94,90,Tuesday,14,9,2018
2018-09-25 14:00:00,4973,Drizzle,283.94,90,Tuesday,14,9,2018
2018-09-25 15:00:00,5748,Rain,283.98,90,Tuesday,15,9,2018
2018-09-25 16:00:00,6597,Rain,284.25,90,Tuesday,16,9,2018
2018-09-25 16:00:00,6597,Drizzle,284.25,90,Tuesday,16,9,2018
2018-09-25 17:00:00,5734,Rain,285.07,75,Tuesday,17,9,2018
2018-09-25 18:00:00,4320,Rain,285.26,90,Tuesday,18,9,2018
2018-09-25 19:00:00,3058,Clouds,284.94,90,Tuesday,19,9,2018
2018-09-25 20:00:00,2765,Clouds,284.08,75,Tuesday,20,9,2018
2018-09-25 21:00:00,2282,Drizzle,283.09,20,Tuesday,21,9,2018
2018-09-25 22:00:00,1571,Clouds,281.93,20,Tuesday,22,9,2018
2018-09-25 23:00:00,924,Clear,281.4,1,Tuesday,23,9,2018
2018-09-26 00:00:00,543,Clear,280.81,1,Wednesday,0,9,2018
2018-09-26 01:00:00,358,Clear,280.89,1,Wednesday,1,9,2018
2018-09-26 02:00:00,227,Clouds,281.25,90,Wednesday,2,9,2018
2018-09-26 03:00:00,358,Clouds,281.71,90,Wednesday,3,9,2018
2018-09-26 04:00:00,890,Clouds,281.52,90,Wednesday,4,9,2018
2018-09-26 05:00:00,3052,Clouds,280.69,40,Wednesday,5,9,2018
2018-09-26 06:00:00,5930,Clear,279.33,1,Wednesday,6,9,2018
2018-09-26 07:00:00,6193,Clear,279.07,0,Wednesday,7,9,2018
2018-09-26 08:00:00,6032,Rain,279.43,75,Wednesday,8,9,2018
2018-09-26 09:00:00,5320,Haze,280.92,90,Wednesday,9,9,2018
2018-09-26 10:00:00,4523,Clouds,282.51,40,Wednesday,10,9,2018
2018-09-26 11:00:00,4721,Clouds,284.7,75,Wednesday,11,9,2018
2018-09-26 12:00:00,4793,Clouds,285.85,75,Wednesday,12,9,2018
2018-09-26 13:00:00,4624,Clouds,286.88,75,Wednesday,13,9,2018
2018-09-26 14:00:00,4928,Clouds,287.46,40,Wednesday,14,9,2018
2018-09-26 15:00:00,5693,Clouds,288.43,40,Wednesday,15,9,2018
2018-09-26 16:00:00,6334,Clear,288.73,1,Wednesday,16,9,2018
2018-09-26 17:00:00,5954,Clouds,289.06,40,Wednesday,17,9,2018
2018-09-26 18:00:00,4661,Clouds,289.12,40,Wednesday,18,9,2018
2018-09-26 19:00:00,3639,Clear,287.94,1,Wednesday,19,9,2018
2018-09-26 20:00:00,3197,Clouds,285.82,40,Wednesday,20,9,2018
2018-09-26 21:00:00,3475,Clear,284.41,5,Wednesday,21,9,2018
2018-09-26 22:00:00,1973,Clear,284.51,5,Wednesday,22,9,2018
2018-09-26 23:00:00,1209,Clear,284.86,1,Wednesday,23,9,2018
2018-09-27 00:00:00,654,Clouds,285.26,40,Thursday,0,9,2018
2018-09-27 01:00:00,421,Clouds,285.8,75,Thursday,1,9,2018
2018-09-27 02:00:00,312,Clouds,286.16,40,Thursday,2,9,2018
2018-09-27 03:00:00,373,Clouds,286.74,75,Thursday,3,9,2018
2018-09-27 04:00:00,919,Drizzle,286.75,75,Thursday,4,9,2018
2018-09-27 05:00:00,3002,Rain,286.49,75,Thursday,5,9,2018
2018-09-27 06:00:00,5685,Rain,285.37,1,Thursday,6,9,2018
2018-09-27 07:00:00,6589,Rain,285.17,90,Thursday,7,9,2018
2018-09-27 07:00:00,6589,Drizzle,285.17,90,Thursday,7,9,2018
2018-09-27 08:00:00,5946,Clear,285.05,1,Thursday,8,9,2018
2018-09-27 09:00:00,5181,Clouds,285.5,90,Thursday,9,9,2018
2018-09-27 10:00:00,4500,Clouds,286.39,90,Thursday,10,9,2018
2018-09-27 11:00:00,4670,Rain,286.88,90,Thursday,11,9,2018
2018-09-27 12:00:00,4849,Clouds,287.24,90,Thursday,12,9,2018
2018-09-27 13:00:00,4787,Clouds,287.61,90,Thursday,13,9,2018
2018-09-27 14:00:00,4943,Clouds,288.38,90,Thursday,14,9,2018
2018-09-27 15:00:00,5892,Drizzle,288.28,1,Thursday,15,9,2018
2018-09-27 16:00:00,6451,Clouds,288.68,75,Thursday,16,9,2018
2018-09-27 17:00:00,5968,Clouds,288.04,90,Thursday,17,9,2018
2018-09-27 18:00:00,4498,Clouds,287.5,75,Thursday,18,9,2018
2018-09-27 19:00:00,3419,Clouds,286.91,90,Thursday,19,9,2018
2018-09-27 20:00:00,2856,Clouds,285.75,20,Thursday,20,9,2018
2018-09-27 21:00:00,2649,Clear,284.77,1,Thursday,21,9,2018
2018-09-27 22:00:00,2003,Clouds,283.86,75,Thursday,22,9,2018
2018-09-27 23:00:00,1278,Clear,282.96,1,Thursday,23,9,2018
2018-09-28 00:00:00,699,Clear,282.2,1,Friday,0,9,2018
2018-09-28 01:00:00,461,Clear,281.89,1,Friday,1,9,2018
2018-09-28 02:00:00,301,Clear,281.31,1,Friday,2,9,2018
2018-09-28 03:00:00,367,Clouds,280.65,40,Friday,3,9,2018
2018-09-28 04:00:00,870,Clear,280.13,1,Friday,4,9,2018
2018-09-28 05:00:00,2751,Clear,280.08,1,Friday,5,9,2018
2018-09-28 06:00:00,5521,Clouds,279.46,20,Friday,6,9,2018
2018-09-28 07:00:00,6401,Clear,279.03,1,Friday,7,9,2018
2018-09-28 08:00:00,5798,Clear,278.83,1,Friday,8,9,2018
2018-09-28 09:00:00,4791,Clear,279.53,1,Friday,9,9,2018
2018-09-28 10:00:00,4574,Clear,280.94,1,Friday,10,9,2018
2018-09-28 11:00:00,4863,Clouds,282.43,75,Friday,11,9,2018
2018-09-28 12:00:00,5066,Clouds,283.54,40,Friday,12,9,2018
2018-09-28 13:00:00,4898,Clouds,283.74,90,Friday,13,9,2018
2018-09-28 14:00:00,5193,Clouds,285.0,40,Friday,14,9,2018
2018-09-28 15:00:00,5838,Clouds,285.14,40,Friday,15,9,2018
2018-09-28 16:00:00,6188,Clouds,285.33,40,Friday,16,9,2018
2018-09-28 17:00:00,5695,Clouds,285.24,75,Friday,17,9,2018
2018-09-28 18:00:00,5104,Clouds,284.39,40,Friday,18,9,2018
2018-09-28 19:00:00,4286,Clouds,283.17,20,Friday,19,9,2018
2018-09-28 20:00:00,3538,Clouds,281.23,40,Friday,20,9,2018
2018-09-28 21:00:00,3058,Clouds,279.32,40,Friday,21,9,2018
2018-09-28 22:00:00,2713,Clouds,278.09,20,Friday,22,9,2018
2018-09-28 23:00:00,3544,Clear,277.45,1,Friday,23,9,2018
2018-09-29 00:00:00,1733,Rain,276.18,1,Saturday,0,9,2018
2018-09-29 01:00:00,867,Clear,275.24,1,Saturday,1,9,2018
2018-09-29 02:00:00,524,Clear,275.26,1,Saturday,2,9,2018
2018-09-29 03:00:00,359,Clear,274.6,1,Saturday,3,9,2018
2018-09-29 04:00:00,425,Clear,274.25,1,Saturday,4,9,2018
2018-09-29 05:00:00,743,Clear,274.66,1,Saturday,5,9,2018
2018-09-29 06:00:00,1359,Clear,274.62,1,Saturday,6,9,2018
2018-09-29 07:00:00,2036,Clear,274.79,1,Saturday,7,9,2018
2018-09-29 08:00:00,3073,Clouds,275.43,75,Saturday,8,9,2018
2018-09-29 09:00:00,3725,Clouds,276.17,90,Saturday,9,9,2018
2018-09-29 10:00:00,4059,Clear,277.21,1,Saturday,10,9,2018
2018-09-29 11:00:00,4378,Drizzle,278.08,90,Saturday,11,9,2018
2018-09-29 12:00:00,4657,Rain,278.89,90,Saturday,12,9,2018
2018-09-29 13:00:00,4553,Clouds,279.66,90,Saturday,13,9,2018
2018-09-29 14:00:00,4618,Clouds,280.31,90,Saturday,14,9,2018
2018-09-29 15:00:00,4564,Clouds,280.99,90,Saturday,15,9,2018
2018-09-29 16:00:00,4735,Drizzle,281.41,90,Saturday,16,9,2018
2018-09-29 17:00:00,4878,Clouds,281.44,90,Saturday,17,9,2018
2018-09-29 18:00:00,4569,Clouds,281.02,90,Saturday,18,9,2018
2018-09-29 19:00:00,3818,Clouds,280.68,90,Saturday,19,9,2018
2018-09-29 19:00:00,3818,Clouds,280.68,90,Saturday,19,9,2018
2018-09-29 20:00:00,3338,Clouds,280.55,90,Saturday,20,9,2018
2018-09-29 21:00:00,2950,Clouds,280.4,90,Saturday,21,9,2018
2018-09-29 22:00:00,2607,Clouds,280.54,90,Saturday,22,9,2018
2018-09-29 23:00:00,3856,Clouds,280.32,90,Saturday,23,9,2018
